<?xml version="1.0" encoding="UTF-8"?>
<!DOCTYPE mapper
        PUBLIC "-//mybatis.org//DTD Mapper 3.0//EN"
        "http://mybatis.org/dtd/mybatis-3-mapper.dtd">
<mapper namespace="com.ehang.springboot.mybatisplus.generator.user.mapper.UserInfoMapper">

    <resultMap id="BaseResultMap" type="com.ehang.springboot.mybatisplus.generator.user.domain.UserInfo">
            <id property="id" column="id" jdbcType="INTEGER"/>
            <result property="userName" column="user_name" jdbcType="VARCHAR"/>
            <result property="age" column="age" jdbcType="INTEGER"/>
            <result property="source" column="source" jdbcType="TINYINT"/>
    </resultMap>

    <sql id="Base_Column_List">
        id,user_name,age,
        source
    </sql>
</mapper>
